dataset,subject,per_class,error_rate,mean,median,p90,n_starts
inria,S02,1,0.6105263157894737,3.8882978723404253,3.0,7.0,188
inria,S02,2,0.6105263157894737,6.762162162162162,5.0,11.0,185
inria,S02,5,0.6105263157894737,15.718232044198896,14.0,24.0,181
inria,S06,1,0.9428571428571428,16.554347826086957,11.0,41.0,276
inria,S06,2,0.9428571428571428,32.6996336996337,30.0,60.0,273
inria,S06,5,0.9428571428571428,86.74703557312253,89.0,127.80000000000001,253
inria,S07,1,0.8872549019607843,7.841584158415841,6.0,16.0,202
inria,S07,2,0.8872549019607843,15.698979591836734,15.0,27.0,196
inria,S07,5,0.8872549019607843,43.09770114942529,42.0,58.70000000000002,174
inria,S11,1,0.6699029126213593,3.5714285714285716,3.0,6.0,308
inria,S11,2,0.6699029126213593,6.754901960784314,6.0,11.0,306
inria,S11,5,0.6699029126213593,15.701342281879194,15.0,23.0,298
inria,S12,1,0.36082474226804123,3.6483516483516483,3.0,7.0,91
inria,S12,2,0.36082474226804123,5.949367088607595,5.0,9.0,79
inria,S12,5,0.36082474226804123,12.246153846153845,11.0,15.600000000000001,65
inria,S13,1,0.5017667844522968,3.1814946619217084,3.0,5.0,281
inria,S13,2,0.5017667844522968,5.755395683453237,5.0,8.300000000000011,278
inria,S13,5,0.5017667844522968,13.174721189591079,12.0,17.200000000000017,269
inria,S14,1,0.6331360946745562,3.7804154302670625,3.0,7.0,337
inria,S14,2,0.6331360946745562,6.6716417910447765,5.0,11.0,335
inria,S14,5,0.6331360946745562,14.598765432098766,14.0,20.0,324
inria,S16,1,0.5613207547169812,3.0,3.0,5.0,211
inria,S16,2,0.5613207547169812,5.708133971291866,5.0,9.0,209
inria,S16,5,0.5613207547169812,12.56281407035176,12.0,17.0,199
inria,S17,1,0.6539792387543253,4.8350877192982455,3.0,11.0,285
inria,S17,2,0.6539792387543253,9.214788732394366,6.0,20.0,284
inria,S17,5,0.6539792387543253,18.36101083032491,14.0,35.0,277
inria,S18,1,0.6745562130177515,3.8154761904761907,3.0,7.0,168
inria,S18,2,0.6745562130177515,7.430303030303031,6.0,13.599999999999994,165
inria,S18,5,0.6745562130177515,15.33125,13.0,25.0,160
inria,S20,1,0.6985294117647058,3.2384615384615385,2.0,6.0,130
inria,S20,2,0.6985294117647058,6.377952755905512,5.0,10.400000000000006,127
inria,S20,5,0.6985294117647058,15.077586206896552,15.0,21.0,116
inria,S21,1,0.95,17.72222222222222,15.5,36.7,54
inria,S21,2,0.95,26.529411764705884,26.0,46.0,51
inria,S21,5,0.95,,,,1
inria,S22,1,0.8541666666666666,6.127659574468085,5.0,12.399999999999999,47
inria,S22,2,0.8541666666666666,11.266666666666667,11.0,17.6,45
inria,S22,5,0.8541666666666666,32.69230769230769,31.0,39.0,13
inria,S23,1,0.6414473684210527,3.8085808580858087,3.0,7.0,303
inria,S23,2,0.6414473684210527,6.431893687707642,6.0,11.0,301
inria,S23,5,0.6414473684210527,15.334470989761092,14.0,22.0,293
inria,S24,1,0.7212543554006968,6.143859649122807,3.0,13.599999999999994,285
inria,S24,2,0.7212543554006968,10.939929328621908,6.0,25.80000000000001,283
inria,S24,5,0.7212543554006968,23.032608695652176,17.0,53.5,276
inria,S26,1,0.5608108108108109,3.164383561643836,3.0,5.0,146
inria,S26,2,0.5608108108108109,5.743055555555555,5.0,8.0,144
inria,S26,5,0.5608108108108109,12.962962962962964,12.0,16.0,135
