group,train_s_median,train_s_total,adapt_ms,device
Supervised,0.0,0.0,386.85944619994393,Tesla T4
Riemann,4.532581628000116,73.270189299001,1351.5425791944683,Tesla T4
PCA-Pretrain,18.157261580499835,289.3961892280006,3.586995316668941,Tesla T4
EEGNet,59.80920245250081,951.9059706230014,196.09889983889718,Tesla T4
MAML-ANIL,84.8337692345001,1382.2794107480017,11.419884250004642,Tesla T4
ANIL-EEGNet,103.9366284639998,1690.044113910001,4.740184488921134,Tesla T4
Reptile,123.65544966000016,2031.138731223,16.415934199974597,Tesla T4
Reptile-EEGNet,138.95895212650066,2277.294374945001,29.399512333328758,Tesla T4
SubjectConditioned,144.7796653739997,2348.9572801229992,14.517673183354418,Tesla T4
Full-MAML,284.9868633055002,4673.274389085,16.696416222101917,Tesla T4
