dataset,group,seed,subject,train_s,adapt_ms_mean,n_evals,device,n_train_trials
inria,ANIL-EEGNet,42,S02,113.56048322200013,5.082330199989984,90,Tesla T4,3164
inria,ANIL-EEGNet,42,S06,104.89123545899974,4.8801561222262535,90,Tesla T4,3074
inria,ANIL-EEGNet,42,S07,102.98202146899985,4.822149822232152,90,Tesla T4,3150
inria,ANIL-EEGNet,42,S11,105.37808941300045,4.635695222229212,90,Tesla T4,3045
inria,ANIL-EEGNet,42,S12,102.19708188000004,4.544401655463541,90,Tesla T4,3257
inria,ANIL-EEGNet,42,S13,106.22034195100059,4.910498144444217,90,Tesla T4,3071
inria,ANIL-EEGNet,42,S14,113.63648657500016,5.370463811070497,90,Tesla T4,3016
inria,ANIL-EEGNet,42,S16,113.66385481600082,5.343986600059401,90,Tesla T4,3142
inria,ANIL-EEGNet,42,S17,102.31723919499996,4.508026011101013,90,Tesla T4,3065
inria,ANIL-EEGNet,42,S18,101.77840875900029,4.712293455552047,90,Tesla T4,3185
inria,ANIL-EEGNet,42,S20,102.16049810899995,4.50041047778945,90,Tesla T4,3218
inria,ANIL-EEGNet,42,S21,102.38662516800014,4.718640688901764,90,Tesla T4,3294
inria,ANIL-EEGNet,42,S22,108.29922239799998,4.761728288940503,90,Tesla T4,3306
inria,ANIL-EEGNet,42,S23,101.70246820000011,4.709520333370973,90,Tesla T4,3050
inria,ANIL-EEGNet,42,S24,106.39849105199937,4.9565800222303045,90,Tesla T4,3067
inria,ANIL-EEGNet,42,S26,102.4715662439994,4.617824066655077,90,Tesla T4,3206
inria,EEGNet,42,S02,66.50467733400001,208.50940736666468,90,Tesla T4,3164
inria,EEGNet,42,S06,47.93381013699991,195.3426892889032,90,Tesla T4,3074
inria,EEGNet,42,S07,63.011258694999924,188.0220554111626,90,Tesla T4,3150
inria,EEGNet,42,S11,60.2642081820004,200.90223298882646,90,Tesla T4,3045
inria,EEGNet,42,S12,64.29311138400044,186.98275759995036,90,Tesla T4,3257
inria,EEGNet,42,S13,59.009302688999924,202.44803872217543,90,Tesla T4,3071
inria,EEGNet,42,S14,59.40017875600097,215.00958755546486,90,Tesla T4,3016
inria,EEGNet,42,S16,62.0435456539999,208.61751783332795,90,Tesla T4,3142
inria,EEGNet,42,S17,58.35053647799987,196.85511038889115,90,Tesla T4,3065
inria,EEGNet,42,S18,58.78632911600016,190.9886356666549,90,Tesla T4,3185
inria,EEGNet,42,S20,59.15157054600013,191.3883962,90,Tesla T4,3218
inria,EEGNet,42,S21,60.21822614900066,173.2317250555651,90,Tesla T4,3294
inria,EEGNet,42,S22,62.66319122299956,180.67488201109478,90,Tesla T4,3306
inria,EEGNet,42,S23,48.64232732600067,198.37895759997588,90,Tesla T4,3050
inria,EEGNet,42,S24,59.00675963100002,205.45213342235607,90,Tesla T4,3067
inria,EEGNet,42,S26,62.626937322998856,195.07341716657214,90,Tesla T4,3206
inria,Full-MAML,42,S02,320.34736646700003,18.537179388881164,90,Tesla T4,3164
inria,Full-MAML,42,S06,290.34857816800013,17.14758887778266,90,Tesla T4,3074
inria,Full-MAML,42,S07,292.2958543179998,16.65090308889982,90,Tesla T4,3150
inria,Full-MAML,42,S11,274.7781268460003,15.407626122244741,90,Tesla T4,3045
inria,Full-MAML,42,S12,284.4901426100005,16.41856163331694,90,Tesla T4,3257
inria,Full-MAML,42,S13,316.9384857169998,17.070698788989425,90,Tesla T4,3071
inria,Full-MAML,42,S14,303.0810606649993,17.5662269445234,90,Tesla T4,3016
inria,Full-MAML,42,S16,321.30637299499904,17.975615955543212,90,Tesla T4,3142
inria,Full-MAML,42,S17,285.48358400099994,15.983238677780617,90,Tesla T4,3065
inria,Full-MAML,42,S18,277.0377784120001,15.333385455536094,90,Tesla T4,3185
inria,Full-MAML,42,S20,283.89180471300006,16.929569911109056,90,Tesla T4,3218
inria,Full-MAML,42,S21,280.6410065780001,16.68633899993842,90,Tesla T4,3294
inria,Full-MAML,42,S22,297.27280953600075,16.35631065559614,90,Tesla T4,3306
inria,Full-MAML,42,S23,280.04395879799995,16.878067422203458,90,Tesla T4,3050
inria,Full-MAML,42,S24,281.173071921,16.399026311026116,90,Tesla T4,3067
inria,Full-MAML,42,S26,284.1443873400003,16.70649344426541,90,Tesla T4,3206
inria,MAML-ANIL,42,S02,94.23785123499988,12.071248622209573,90,Tesla T4,3164
inria,MAML-ANIL,42,S06,87.23758700000008,11.487230477769117,90,Tesla T4,3074
inria,MAML-ANIL,42,S07,87.83351898000001,11.422762277793986,90,Tesla T4,3150
inria,MAML-ANIL,42,S11,82.74511592500039,11.232034199979857,90,Tesla T4,3045
inria,MAML-ANIL,42,S12,83.21141479499965,10.906137122249978,90,Tesla T4,3257
inria,MAML-ANIL,42,S13,89.84039917500013,12.574905899924083,90,Tesla T4,3071
inria,MAML-ANIL,42,S14,88.39070537500083,11.429616344563934,90,Tesla T4,3016
inria,MAML-ANIL,42,S16,94.43776988100035,13.093360288904579,90,Tesla T4,3142
inria,MAML-ANIL,42,S17,82.96710103999999,10.955291022229277,90,Tesla T4,3065
inria,MAML-ANIL,42,S18,83.18459005600016,11.417006222215301,90,Tesla T4,3185
inria,MAML-ANIL,42,S20,83.83794739999985,11.179844199993264,90,Tesla T4,3218
inria,MAML-ANIL,42,S21,82.61354146399935,10.862806144440482,90,Tesla T4,3294
inria,MAML-ANIL,42,S22,89.83610268800021,10.898673677770098,90,Tesla T4,3306
inria,MAML-ANIL,42,S23,82.59684976999961,10.907564866698117,90,Tesla T4,3050
inria,MAML-ANIL,42,S24,85.82959106900034,11.9632643333211,90,Tesla T4,3067
inria,MAML-ANIL,42,S26,83.4793248950009,11.897890888819044,90,Tesla T4,3206
inria,PCA-Pretrain,42,S02,19.820479092000028,4.517270011103847,90,Tesla T4,3164
inria,PCA-Pretrain,42,S06,16.40062143299997,2.9767326222301764,90,Tesla T4,3074
inria,PCA-Pretrain,42,S07,18.9024995220002,3.432635088898274,90,Tesla T4,3150
inria,PCA-Pretrain,42,S11,16.873157757000627,3.591521022210347,90,Tesla T4,3045
inria,PCA-Pretrain,42,S12,18.956749228999797,3.8209600445144236,90,Tesla T4,3257
inria,PCA-Pretrain,42,S13,19.184943731999738,4.957819844457845,90,Tesla T4,3071
inria,PCA-Pretrain,42,S14,18.235138003999964,4.323981311093424,90,Tesla T4,3016
inria,PCA-Pretrain,42,S16,20.03136266799993,4.4610703110972985,90,Tesla T4,3142
inria,PCA-Pretrain,42,S17,17.074336001999995,3.6227614222285514,90,Tesla T4,3065
inria,PCA-Pretrain,42,S18,18.079385156999706,3.378733433323254,90,Tesla T4,3185
inria,PCA-Pretrain,42,S20,18.75019847500016,3.582469611127534,90,Tesla T4,3218
inria,PCA-Pretrain,42,S21,17.29141745800007,2.0818021667562587,90,Tesla T4,3294
inria,PCA-Pretrain,42,S22,15.51167801000065,3.030806711053123,90,Tesla T4,3306
inria,PCA-Pretrain,42,S23,17.488527378999606,3.463535699969119,90,Tesla T4,3050
inria,PCA-Pretrain,42,S24,17.862924142000338,3.471497399964897,90,Tesla T4,3067
inria,PCA-Pretrain,42,S26,18.932771167999817,3.71028401124123,90,Tesla T4,3206
inria,Reptile-EEGNet,42,S02,156.54514526100002,28.141338066668848,90,Tesla T4,3164
inria,Reptile-EEGNet,42,S06,138.98230742099986,31.684638599997722,90,Tesla T4,3074
inria,Reptile-EEGNet,42,S07,134.211370473,27.80836116664634,90,Tesla T4,3150
inria,Reptile-EEGNet,42,S11,138.45530192200022,32.41973005559784,90,Tesla T4,3045
inria,Reptile-EEGNet,42,S12,148.91486234500007,25.58763375555928,90,Tesla T4,3257
inria,Reptile-EEGNet,42,S13,144.99709736499972,32.37099617784528,90,Tesla T4,3071
inria,Reptile-EEGNet,42,S14,157.6114541859988,36.89078846645215,90,Tesla T4,3016
inria,Reptile-EEGNet,42,S16,159.16406479600118,30.657686599988665,90,Tesla T4,3142
inria,Reptile-EEGNet,42,S17,134.64035083199997,31.628286866685407,90,Tesla T4,3065
inria,Reptile-EEGNet,42,S18,136.17276777000006,25.67353100000926,90,Tesla T4,3185
inria,Reptile-EEGNet,42,S20,138.99100469600035,24.215439688881208,90,Tesla T4,3218
inria,Reptile-EEGNet,42,S21,134.69790442799967,20.08233654448001,90,Tesla T4,3294
inria,Reptile-EEGNet,42,S22,136.01100804900034,20.052862622206803,90,Tesla T4,3306
inria,Reptile-EEGNet,42,S23,135.63116736700067,31.922266411058647,90,Tesla T4,3050
inria,Reptile-EEGNet,42,S24,143.3329712019986,31.367362411138956,90,Tesla T4,3067
inria,Reptile-EEGNet,42,S26,138.93559683200147,25.088826899971334,90,Tesla T4,3206
inria,Reptile,42,S02,136.64702429599993,18.821883777779174,90,Tesla T4,3164
inria,Reptile,42,S06,127.9372800240003,15.975371044396525,90,Tesla T4,3074
inria,Reptile,42,S07,127.9865788369998,18.069899822219465,90,Tesla T4,3150
inria,Reptile,42,S11,129.43012505600018,16.56313111108021,90,Tesla T4,3045
inria,Reptile,42,S12,122.44869768699937,15.342493200023455,90,Tesla T4,3257
inria,Reptile,42,S13,131.137330691,18.083463777707543,90,Tesla T4,3071
inria,Reptile,42,S14,138.1353946170002,19.843847544446664,90,Tesla T4,3016
inria,Reptile,42,S16,139.6051894960001,18.776759877679677,90,Tesla T4,3142
inria,Reptile,42,S17,120.58497093899996,16.25139842223386,90,Tesla T4,3065
inria,Reptile,42,S18,122.14730520600006,16.944510877783614,90,Tesla T4,3185
inria,Reptile,42,S20,123.250245662,16.1424628777594,90,Tesla T4,3218
inria,Reptile,42,S21,121.25246725200032,16.287934911027453,90,Tesla T4,3294
inria,Reptile,42,S22,122.54799263299992,16.200410133347354,90,Tesla T4,3306
inria,Reptile,42,S23,120.7172295069995,16.06531682212638,90,Tesla T4,3050
inria,Reptile,42,S24,123.68648420799946,16.034414266687236,90,Tesla T4,3067
inria,Reptile,42,S26,123.62441511200086,16.54393348892174,90,Tesla T4,3206
inria,Riemann,42,S02,4.8250320199999805,1501.3098116889066,90,Tesla T4,3164
inria,Riemann,42,S06,4.39657259400019,1049.2475644333354,90,Tesla T4,3074
inria,Riemann,42,S07,4.202530594000564,1110.6642164555728,90,Tesla T4,3150
inria,Riemann,42,S11,4.243383686000016,1447.0970031221846,90,Tesla T4,3045
inria,Riemann,42,S12,5.227589818000524,1764.2116575888494,90,Tesla T4,3257
inria,Riemann,42,S13,4.711472087999937,1486.2232560666698,90,Tesla T4,3071
inria,Riemann,42,S14,4.931282147999809,1721.4524792000198,90,Tesla T4,3016
inria,Riemann,42,S16,4.938483683001323,1541.7080120776923,90,Tesla T4,3142
inria,Riemann,42,S17,4.604331112999944,1282.4898424555715,90,Tesla T4,3065
inria,Riemann,42,S18,4.349324701000114,1311.5877459999715,90,Tesla T4,3185
inria,Riemann,42,S20,4.502756730999863,1371.408569988883,90,Tesla T4,3218
inria,Riemann,42,S21,4.376024342999699,783.4818027111294,90,Tesla T4,3294
inria,Riemann,42,S22,4.539245291000043,1216.2932909888793,90,Tesla T4,3306
inria,Riemann,42,S23,4.221927175000019,1303.6686470333027,90,Tesla T4,3050
inria,Riemann,42,S24,4.52591796500019,1331.6765884000536,90,Tesla T4,3067
inria,Riemann,42,S26,4.674315348998789,1542.3131782332953,90,Tesla T4,3206
inria,SubjectConditioned,42,S02,158.75321072299994,16.8981123999932,90,Tesla T4,3164
inria,SubjectConditioned,42,S06,148.55741750800007,15.004009099978552,90,Tesla T4,3074
inria,SubjectConditioned,42,S07,146.10626943499983,14.947472055559452,90,Tesla T4,3150
inria,SubjectConditioned,42,S11,148.75219977800043,14.565962322204642,90,Tesla T4,3045
inria,SubjectConditioned,42,S12,137.47097904200018,14.09629546670759,90,Tesla T4,3257
inria,SubjectConditioned,42,S13,152.55460137199952,15.762865000013132,90,Tesla T4,3071
inria,SubjectConditioned,42,S14,159.9407946579995,16.842179822116222,90,Tesla T4,3016
inria,SubjectConditioned,42,S16,162.09957967400078,16.997688266807625,90,Tesla T4,3142
inria,SubjectConditioned,42,S17,137.93670934300008,13.567666022211395,90,Tesla T4,3065
inria,SubjectConditioned,42,S18,139.9554143549999,13.871183055572248,90,Tesla T4,3185
inria,SubjectConditioned,42,S20,143.45306131299958,14.264761199981674,90,Tesla T4,3218
inria,SubjectConditioned,42,S21,140.04816513199967,14.101738144432197,90,Tesla T4,3294
inria,SubjectConditioned,42,S22,148.6807407920005,14.171204677829033,90,Tesla T4,3306
inria,SubjectConditioned,42,S23,138.31798081499983,14.074274722234906,90,Tesla T4,3050
inria,SubjectConditioned,42,S24,143.34846078999908,14.469384044504194,90,Tesla T4,3067
inria,SubjectConditioned,42,S26,142.98169539300034,14.570022944543679,90,Tesla T4,3206
inria,Supervised,42,S02,0.0,416.75793430000186,90,Tesla T4,3164
inria,Supervised,42,S06,0.0,378.46213225555704,90,Tesla T4,3074
inria,Supervised,42,S07,0.0,392.7259948000129,90,Tesla T4,3150
inria,Supervised,42,S11,0.0,387.26982292219975,90,Tesla T4,3045
inria,Supervised,42,S12,0.0,371.6547002111333,90,Tesla T4,3257
inria,Supervised,42,S13,0.0,412.72403457776613,90,Tesla T4,3071
inria,Supervised,42,S14,0.0,399.49900513341464,90,Tesla T4,3016
inria,Supervised,42,S16,0.0,419.2861478777761,90,Tesla T4,3142
inria,Supervised,42,S17,0.0,384.5120568888939,90,Tesla T4,3065
inria,Supervised,42,S18,0.0,391.44523438887717,90,Tesla T4,3185
inria,Supervised,42,S20,0.0,380.1793321777697,90,Tesla T4,3218
inria,Supervised,42,S21,0.0,365.0708334221842,90,Tesla T4,3294
inria,Supervised,42,S22,0.0,386.44906947768806,90,Tesla T4,3306
inria,Supervised,42,S23,0.0,388.566071711173,90,Tesla T4,3050
inria,Supervised,42,S24,0.0,384.97392575552817,90,Tesla T4,3067
inria,Supervised,42,S26,0.0,384.9710150221654,90,Tesla T4,3206
