,a,b,protocol,k,n_draws,p_win,p_tie,mean_diff,a_p10,b_p10,a_sd_draw,b_sd_draw
0,Reptile,Supervised,balanced,4,160,0.9875,0.0,0.17783297109382923,0.6651616746003334,0.49071243191250463,0.014497374618705521,0.04839439235885304
1,Reptile,EEGNet,balanced,4,160,0.78125,0.0,0.07448724782715929,0.6651616746003334,0.5401940026825062,0.014497374618705521,0.0757418636893632
2,SubjectConditioned,Supervised,balanced,4,160,0.9875,0.0,0.17569260115239133,0.6664222314102514,0.49071243191250463,0.013901127418924367,0.04839439235885304
3,SubjectConditioned,EEGNet,balanced,4,160,0.76875,0.00625,0.07234687788572135,0.6664222314102514,0.5401940026825062,0.013901127418924367,0.0757418636893632
4,Reptile,Supervised,natural,4,160,1.0,0.0,0.19207038768896686,0.61216306130688,0.48905389492753626,0.025366602307220064,0.03566523139034837
5,Reptile,EEGNet,natural,4,160,0.6125,0.0,0.04436122349392343,0.61216306130688,0.5073694348833787,0.025366602307220064,0.10183213781902042
6,SubjectConditioned,Supervised,natural,4,160,1.0,0.0,0.19955268466063872,0.6486874837316557,0.48905389492753626,0.01635327809554166,0.03566523139034837
7,SubjectConditioned,EEGNet,natural,4,160,0.59375,0.0,0.05184352046559528,0.6486874837316557,0.5073694348833787,0.01635327809554166,0.10183213781902042
8,Reptile,Supervised,contiguous,4,160,1.0,0.0,0.19335305302613595,0.6363694533846679,0.4863670162608966,0.023417900688565828,0.03658511071965215
9,Reptile,EEGNet,contiguous,4,160,0.575,0.0,0.040560043374046326,0.6363694533846679,0.5022830261762078,0.023417900688565828,0.09826918680076385
10,SubjectConditioned,Supervised,contiguous,4,160,1.0,0.0,0.19854831050320323,0.654832900624206,0.4863670162608966,0.013103627585498491,0.03658511071965215
11,SubjectConditioned,EEGNet,contiguous,4,160,0.56875,0.0,0.04575530085111362,0.654832900624206,0.5022830261762078,0.013103627585498491,0.09826918680076385
