,K=4,K=10,K=20
EEGNet-FT,0.7951003670445507,0.7982260923246007,0.8007276530165306
EEGNet-ZeroShot,0.7922918270064245,0.7920681176647983,0.7918833206671752
ANIL-EEGNet,0.7879401850814904,0.7876750371563097,0.7876020860451785
Reptile,0.7305130896822318,0.7334820378354598,0.7353802138261731
SubjectConditioned,0.7283727197407938,0.7304448800553216,0.7303631245352881
Full-MAML,0.7230353272094093,0.7301859989355857,0.7323457619328649
MAML-ANIL,0.7203485415105944,0.7247941204000522,0.7281513792984464
PCA-ZeroShot,0.7020611367900511,0.7022884567430895,0.7003830980130452
Reptile-EEGNet,0.672957134055213,0.6988606560957339,0.720183984677458
EEGNet,0.6560258418550724,0.7221698493060055,0.7482586817536266
MDWM,0.6418222984518818,0.6821398063243718,0.6870482563119051
xDAWN-MDM,0.6121750476098481,0.6541593829210668,0.6766663480635081
PCA-Probe,0.589625382074658,0.6377348558159213,0.6669242704519949
Supervised,0.5526801185884025,0.58598901735793,0.6204786880046468
