,a,b,protocol,k,n,mean_a,mean_b,delta,n_better,p,r,median,ci_lo,ci_hi,p_fdr,sig
0,Reptile,Supervised,balanced,4,16,0.7305130896822318,0.5526801185884025,0.17783297109382923,16,3.0517578125e-05,1.0,0.1876836794657133,0.15334715468751803,0.19906958321208001,8.451021634615384e-05,True
1,Reptile,EEGNet,balanced,4,16,0.7305130896822318,0.6560258418550724,0.07448724782715929,14,0.000152587890625,0.9467048619803428,0.07354206006934721,0.036218352895528105,0.09674050912952425,0.0002197265625,True
2,Reptile,EEGNet-FT,balanced,4,16,0.7305130896822318,0.7951003670445507,-0.06458727736231898,1,6.103515625e-05,-1.0,-0.0576691513761467,-0.08715634765289659,-0.04914406176978581,0.0001373291015625,True
3,Full-MAML,Supervised,balanced,4,16,0.7230353272094093,0.5526801185884025,0.17035520862100684,16,3.0517578125e-05,1.0,0.18591209399979536,0.14467550617340985,0.20231679934680546,8.451021634615384e-05,True
4,Full-MAML,EEGNet,balanced,4,16,0.7230353272094093,0.6560258418550724,0.0670094853543369,14,0.000152587890625,0.9467048619803428,0.06546894896768435,0.024828130902098233,0.08295898983126615,0.0002197265625,True
5,Full-MAML,EEGNet-FT,balanced,4,16,0.7230353272094093,0.7951003670445507,-0.07206503983514137,1,0.000152587890625,-0.9467048619803428,-0.07530622903714446,-0.10062957875457879,-0.04814876894997566,0.0002197265625,True
6,MAML-ANIL,Supervised,balanced,4,16,0.7203485415105944,0.5526801185884025,0.16766842292219186,16,3.0517578125e-05,1.0,0.18566960767260937,0.14273132703577524,0.2006328146707418,8.451021634615384e-05,True
7,MAML-ANIL,EEGNet,balanced,4,16,0.7203485415105944,0.6560258418550724,0.06432269965552195,14,0.00030517578125,0.9027166130240892,0.05972836597491821,0.029179005034053906,0.08260299603839194,0.00039236886160714287,True
8,MAML-ANIL,EEGNet-FT,balanced,4,16,0.7203485415105944,0.7951003670445507,-0.07475182553395632,1,9.1552734375e-05,-0.9779882484707673,-0.07633391703263998,-0.11063083466828705,-0.055521256863483304,0.00017346833881578947,True
9,SubjectConditioned,Supervised,balanced,4,16,0.7283727197407938,0.5526801185884025,0.17569260115239127,16,3.0517578125e-05,1.0,0.18930052598425373,0.14605263157894743,0.2058136841153172,8.451021634615384e-05,True
10,SubjectConditioned,EEGNet,balanced,4,16,0.7283727197407938,0.6560258418550724,0.07234687788572133,16,3.0517578125e-05,1.0,0.058762603550066794,0.02978358503602807,0.09036764705882361,8.451021634615384e-05,True
11,SubjectConditioned,EEGNet-FT,balanced,4,16,0.7283727197407938,0.7951003670445507,-0.06672764730375694,1,0.000152587890625,-0.9467048619803428,-0.07045359311410027,-0.09681213058609073,-0.051666852907214844,0.0002197265625,True
12,Reptile,Supervised,natural,4,16,0.7156724670463069,0.5236020793573402,0.1920703876889669,16,3.0517578125e-05,1.0,0.20030435459542045,0.16047604759222667,0.21024905307356645,8.451021634615384e-05,True
13,Reptile,EEGNet,natural,4,16,0.7156724670463069,0.6713112435523836,0.044361223493923414,12,0.033538818359375,0.5313932841608514,0.04330758162947407,0.013740836261969425,0.07952482516474513,0.03894830519153226,True
14,Reptile,EEGNet-FT,natural,4,16,0.7156724670463069,0.7907430803483135,-0.07507061330200662,1,6.103515625e-05,-1.0,-0.07029808608911353,-0.08829894680471462,-0.05129888495919688,0.0001373291015625,True
15,Full-MAML,Supervised,natural,4,16,0.7081358928144272,0.5236020793573402,0.18453381345708725,16,3.0517578125e-05,1.0,0.1831010593774402,0.15230864838927316,0.21221789987644676,8.451021634615384e-05,True
16,Full-MAML,EEGNet,natural,4,16,0.7081358928144272,0.6713112435523836,0.03682464926204377,12,0.0506591796875,0.48858889576467535,0.030413166602142494,0.000811504375333727,0.07695049170822521,0.05526455965909091,False
17,Full-MAML,EEGNet-FT,natural,4,16,0.7081358928144272,0.7907430803483135,-0.08260718753388627,1,6.103515625e-05,-1.0,-0.07809575498379895,-0.10398579207413206,-0.05966071647334614,0.0001373291015625,True
18,MAML-ANIL,Supervised,natural,4,16,0.7131433705149745,0.5236020793573402,0.18954129115763432,16,3.0517578125e-05,1.0,0.1926521544139138,0.16319035798490467,0.2167305599147631,8.451021634615384e-05,True
19,MAML-ANIL,EEGNet,natural,4,16,0.7131433705149745,0.6713112435523836,0.041832126962590865,12,0.02899169921875,0.5458998448232495,0.03406650088052576,0.010417638617655989,0.08256722568142671,0.0347900390625,True
20,MAML-ANIL,EEGNet-FT,natural,4,16,0.7131433705149745,0.7907430803483135,-0.07759970983333918,1,9.1552734375e-05,-0.9779882484707673,-0.08664952988772529,-0.09941260421546794,-0.04825648444251529,0.00017346833881578947,True
21,SubjectConditioned,Supervised,natural,4,16,0.7231547640179788,0.5236020793573402,0.19955268466063872,16,3.0517578125e-05,1.0,0.2001997031078811,0.1778972300796272,0.22474077660942582,8.451021634615384e-05,True
22,SubjectConditioned,EEGNet,natural,4,16,0.7231547640179788,0.6713112435523836,0.05184352046559527,13,0.004180908203125,0.7160449117258153,0.04165474300143723,0.023223810844375636,0.08028302005481824,0.0051900929418103444,True
23,SubjectConditioned,EEGNet-FT,natural,4,16,0.7231547640179788,0.7907430803483135,-0.06758831633033477,1,0.000213623046875,-0.9255841188266786,-0.07550755675537002,-0.09281674932157802,-0.04851226126792156,0.0002848307291666667,True
24,Reptile,Supervised,contiguous,4,16,0.7171804416084757,0.5238273885823399,0.19335305302613595,16,3.0517578125e-05,1.0,0.20220499762086994,0.14905355823247257,0.2225229193035303,8.451021634615384e-05,True
25,Reptile,EEGNet,contiguous,4,16,0.7171804416084757,0.6766203982344294,0.040560043374046326,11,0.065399169921875,0.46062992107638906,0.04802485070980067,-0.009168501065124346,0.07428964539649385,0.06924617991727941,False
26,Reptile,EEGNet-FT,contiguous,4,16,0.7171804416084757,0.7890811071342028,-0.07190066552572705,1,9.1552734375e-05,-0.9779882484707673,-0.06654249174143106,-0.09523688322639656,-0.05723744525679697,0.00017346833881578947,True
27,Full-MAML,Supervised,contiguous,4,16,0.7107117929098291,0.5238273885823399,0.18688440432748926,16,3.0517578125e-05,1.0,0.18779292006772152,0.14051608376875135,0.22349844686973774,8.451021634615384e-05,True
28,Full-MAML,EEGNet,contiguous,4,16,0.7107117929098291,0.6766203982344294,0.03409139467539963,11,0.129730224609375,0.3787916445356404,0.037457851129721276,-0.012404317230311213,0.08792281918068734,0.129730224609375,False
29,Full-MAML,EEGNet-FT,contiguous,4,16,0.7107117929098291,0.7890811071342028,-0.07836931422437374,1,0.000213623046875,-0.9255841188266786,-0.07459257490217619,-0.10712717445580833,-0.057949945376136014,0.0002848307291666667,True
30,MAML-ANIL,Supervised,contiguous,4,16,0.7141952528878052,0.5238273885823399,0.1903678643054654,16,3.0517578125e-05,1.0,0.1998307287030619,0.14399747126092677,0.22775986331841325,8.451021634615384e-05,True
31,MAML-ANIL,EEGNet,contiguous,4,16,0.7141952528878052,0.6766203982344294,0.03757485465337576,11,0.104583740234375,0.40575662483301556,0.0367493825481468,-0.008253080552328516,0.08440860853274423,0.10757184709821428,False
32,MAML-ANIL,EEGNet-FT,contiguous,4,16,0.7141952528878052,0.7890811071342028,-0.0748858542463976,1,0.000152587890625,-0.9467048619803428,-0.08255912137758115,-0.1013143608278837,-0.05376525572204882,0.0002197265625,True
33,SubjectConditioned,Supervised,contiguous,4,16,0.722375699085543,0.5238273885823399,0.19854831050320323,16,3.0517578125e-05,1.0,0.208738088154848,0.17238646717617157,0.22790416689456616,8.451021634615384e-05,True
34,SubjectConditioned,EEGNet,contiguous,4,16,0.722375699085543,0.6766203982344294,0.04575530085111361,12,0.0443115234375,0.5027829822773127,0.05068964034340473,0.001974055895207477,0.08767897766048982,0.0498504638671875,True
35,SubjectConditioned,EEGNet-FT,contiguous,4,16,0.722375699085543,0.7890811071342028,-0.06670540804865976,1,0.000152587890625,-0.9467048619803428,-0.06420006003746487,-0.10322355003156947,-0.05127399464079818,0.0002197265625,True
